Code,Waarde,DatumVanaf,DatumTot,Toelichting
1,Aalburg,1994-02-01,9999-12-31,ABG00
2,Aalsmeer,1994-02-01,9999-12-31,AMR03
3,Aalst Gelderland,1994-02-01,9999-12-31,AAL02
4,Aalst Noord-Brabant,1994-02-01,9999-12-31,AAL01
5,Aalten,1994-02-01,9999-12-31,ATN02
6,Aardenburg,1994-02-01,9999-12-31,ADB00
7,Aarlanderveen,1994-02-01,9999-12-31,ALD00
8,Aarle-Rixtel,1994-02-01,9999-12-31,ALE00
9,Abbekerk,1994-02-01,1996-01-31,ABK00
10,Abbenbroek,1994-02-01,9999-12-31,ABB00
11,Abcoude,1994-02-01,9999-12-31,ACD00
12,Abstede,1994-02-01,9999-12-31,ASD40
13,Adorp,1994-02-01,9999-12-31,ADP00
14,Aduard,1994-02-01,9999-12-31,ADA00
15,Aerdt,1994-02-01,9999-12-31,AER00
16,Afferden,1994-02-01,9999-12-31,AFD00
17,Akersloot,1994-02-01,9999-12-31,AKS01
18,Akkerwoude,1994-02-01,9999-12-31,AKW00
19,Akkrum,1994-02-01,9999-12-31,AKM02
20,Alblasserdam,1994-02-01,9999-12-31,ABS01
21,Alem,1994-02-01,9999-12-31,ALM00
22,Alkemade,1994-02-01,9999-12-31,AKM01
23,Alkmaar,1994-02-01,9999-12-31,AMR01
24,Almen,1994-02-01,9999-12-31,AMN00
25,Almere,1994-02-01,9999-12-31,AMR04
26,Alphen,1994-02-01,9999-12-31,APN02
27,Alphen aan den Rijn,1994-02-01,9999-12-31,APN01
28,Alphen en Riel,1994-02-01,9999-12-31,APN03
29,Ambt-Almelo,1994-02-01,9999-12-31,AML01
30,Ambt-Delden,1994-02-01,9999-12-31,DDN01
31,Ambt-Doetinchem,1994-02-01,9999-12-31,DTC01
32,Ambt-Hardenberg,1994-02-01,9999-12-31,HDB01
33,Ambt-Ommen,1994-02-01,9999-12-31,OMN01
34,Amby,1994-02-01,9999-12-31,ABY00
35,Ameide,1994-02-01,9999-12-31,AMD00
36,Amerongen,1994-02-01,9999-12-31,AMR02
37,Amersfoort,1994-02-01,9999-12-31,AMF00
38,Ammerstol,1994-02-01,9999-12-31,AMS01
39,Ammerzoden,1994-02-01,9999-12-31,AMZ00
40,Amstelveen,1994-02-01,9999-12-31,ASV00
41,Amstenrade,1994-02-01,9999-12-31,ASR00
42,Amsterdam,2000-04-07,9999-12-31,ASD02;ASD03;ASD04;ASD05;ASD06;ASD07;ASD08;ASD09;ASD10;ASD11;ASD12;ASD13;ASD14;ASD15;ASD16;ASD17;ASD18;ASD19;ASD20;ASD21;ASD22;ASD23;ASD24;ASD25;ASD26;ASD27;ASD28;ASD29;ASD30;ASD31;ASD32;ASD33;ASD34;ASD35;ASD36;ASD37;ASD38;ASD39;ASD41;ASD42;ASD43
43,Andijk,1994-02-01,9999-12-31,ADK00
44,Angeren,1994-02-01,9999-12-31,AGR00
45,Angerlo,1994-02-01,9999-12-31,AGL00
46,Anjum,1994-02-01,9999-12-31,AJM00
47,Ankeveen,1994-02-01,9999-12-31,AKV00
48,Anloo,1994-02-01,9999-12-31,ALO00
49,Anna Paulowna,1994-02-01,9999-12-31,ANA01
50,Apeldoorn,1994-02-01,9999-12-31,APD01;APD02;APD03;APD04
51,Appeltern,1994-02-01,9999-12-31,APT00
52,Appingedam,1994-02-01,9999-12-31,APG00
53,Arcen en Velden,1994-02-01,9999-12-31,ACN00
54,Arkel,1994-02-01,9999-12-31,AKL00
55,Arnemuiden,1994-02-01,9999-12-31,ANM00
56,Arnhem,1994-02-01,9999-12-31,AHM01;AHM02;AHM03;AHM04;AHM05
57,Arum,1994-02-01,9999-12-31,ARM00
58,Asperen,1994-02-01,9999-12-31,APR00
59,Assen,1994-02-01,9999-12-31,ASN00
60,Assendelft,1994-02-01,9999-12-31,ASD01
61,Asten,1994-02-01,9999-12-31,ATN01
62,Avereest,1994-02-01,9999-12-31,AVE00
63,Axel,1994-02-01,9999-12-31,AEL00
64,Baambrugge,1994-02-01,9999-12-31,BBG02
65,Baard,1994-02-01,9999-12-31,BAA02
66,Baardwijk,1994-02-01,1998-11-30,BWK03
67,Baarle-Nassau,1994-02-01,9999-12-31,BLE01
68,Baarn,1994-02-01,9999-12-31,BAA01
69,Baexem,1994-02-01,9999-12-31,BXM00
70,Baflo,1994-02-01,9999-12-31,BLO00
71,Bahr en Lathum,1994-02-01,9999-12-31,BAH00
72,Bakel en Milheeze,1994-02-01,9999-12-31,BKL02
73,Balgoy,1994-02-01,9999-12-31,BGY00
74,Balk,1994-02-01,9999-12-31,BAL00
75,Ballum,1994-02-01,9999-12-31,BLM00
76,Barendrecht,1994-02-01,9999-12-31,BRD00
77,Barneveld,1994-02-01,9999-12-31,BNV00
78,Barsingerhorn,1994-02-01,9999-12-31,BSG00
79,Barwoutswaarder,1994-02-01,9999-12-31,BWW00
80,Batenburg,1994-02-01,9999-12-31,BTB00
81,Bath,1994-02-01,1998-11-30,BAT00
82,Bathmen,1994-02-01,9999-12-31,BMN02
83,Bedum,1994-02-01,9999-12-31,BDM00
84,Beegden,1994-02-01,9999-12-31,BDN00
85,Beek,1994-02-01,9999-12-31,BEE02
86,Beek en Donk,1994-02-01,9999-12-31,BEE01
87,Beekbergen,1994-02-01,9999-12-31,BBG01
88,Beemster,1994-02-01,9999-12-31,BSR00
89,Beers,1994-02-01,1996-09-23,BEE04
90,Beerta,1994-02-01,9999-12-31,BTA00
91,Beesd,1994-02-01,9999-12-31,BEE03
92,Beesel,1994-02-01,9999-12-31,BSL02
93,Beetgum,1994-02-01,9999-12-31,BGM01
94,Beets,1994-02-01,9999-12-31,BEE05
95,Beetsterzwaag,1994-02-01,9999-12-31,BSZ00
96,Beilen,1994-02-01,9999-12-31,BLN00
97,Belfeld,1994-02-01,9999-12-31,BFD00
98,Bellingwolde,1994-02-01,9999-12-31,BLW00
99,Beltrum,1994-02-01,2011-05-12,BTM00
100,Bemelen,1994-02-01,9999-12-31,BML01
101,Bemmel,1994-02-01,9999-12-31,BML02
102,Bennebroek,1994-02-01,9999-12-31,BNB00
103,Bennekom,1994-02-01,9999-12-31,BNK01
104,Benschop,1994-02-01,9999-12-31,BSP00
105,Benthuizen,1994-02-01,9999-12-31,BHZ02
106,Berg en Terblijt,1994-02-01,9999-12-31,BER01
107,Bergambacht,1994-02-01,9999-12-31,BAB00
108,Bergeijk,1994-02-01,9999-12-31,BEK00
109,Bergen Limburg,1994-02-01,9999-12-31,BGN02
110,Bergen Noord-Holland,1994-02-01,9999-12-31,BGN03
111,Bergen op Zoom,1994-02-01,9999-12-31,BGN01
112,Bergh,1994-02-01,9999-12-31,BER02
113,Bergharen,1994-02-01,9999-12-31,BHR02
114,Berghem,1994-02-01,9999-12-31,BHM00
115,Bergschenhoek,1994-02-01,9999-12-31,BSH00
116,Bergum,1994-02-01,9999-12-31,BGM02
117,Berkel,1994-02-01,9999-12-31,BKL04
118,Berkel en Rodenrijs,1994-02-01,9999-12-31,BKL01
119,Berkenwoude,1994-02-01,9999-12-31,BKW00
120,Berlicum,1994-02-01,9999-12-31,BLC00
121,Berlikum,1994-02-01,9999-12-31,BLK00
122,Bernisse,1994-02-01,9999-12-31,BNS04
123,Besoijen,1994-02-01,1998-11-30,BSE00
124,Best,1994-02-01,9999-12-31,BES00
125,Beuningen,1994-02-01,9999-12-31,BNG00
126,Beusichem,1994-02-01,9999-12-31,BSC00
127,Beverwijk,1994-02-01,9999-12-31,BVW00
128,Bierum,1994-02-01,9999-12-31,BRM01
129,Bingelrade,1994-02-01,9999-12-31,BGR02
130,Birdaard,1994-02-01,9999-12-31,BDD00
131,Bladel,1994-02-01,9999-12-31,BDL01
132,Blankenham,1994-02-01,9999-12-31,BKH00
133,Blaricum,1994-02-01,9999-12-31,BRC00
134,Bleiswijk,1994-02-01,9999-12-31,BWK02
135,Blesdijke,1994-02-01,9999-12-31,BDK00
136,Bleskensgraaf,1994-02-01,9999-12-31,BKG00
137,Blija,1994-02-01,9999-12-31,BJA00
138,Bloemendaal,1994-02-01,9999-12-31,BMD00
139,Blokzijl,1994-02-01,9999-12-31,BZL00
140,Bocholtz,1994-02-01,9999-12-31,BCZ00
141,Bodegraven,1994-02-01,9999-12-31,BDG00
142,Boekel,1994-02-01,9999-12-31,BKL05
143,Bolsward,1994-02-01,9999-12-31,BWD01
144,Boornbergum,1994-02-01,9999-12-31,BBG03
145,Borculo,1994-02-01,9999-12-31,BCL00
146,Borger,1994-02-01,9999-12-31,BGR01
147,Borgharen,1994-02-01,9999-12-31,BHR01
148,Borkel en Schaft,1994-02-01,9999-12-31,BKL06
149,Born,1994-02-01,9999-12-31,BOR00
150,Borne,1994-02-01,9999-12-31,BNE00
151,Borsele,1994-02-01,9999-12-31,BSL01
152,Boskoop,1994-02-01,9999-12-31,BKP00
153,Bovenkarspel,1994-02-01,2000-01-01,BVK00
154,Boxmeer,1994-02-01,9999-12-31,BMR00
155,Boxtel,1994-02-01,9999-12-31,BTL00
156,Brakel,1994-02-01,9999-12-31,BKL08
157,Brandwijk,1994-02-01,9999-12-31,BWK01
158,Breda,1994-02-01,9999-12-31,BDA00
159,Brederwiede1995-01-05,9999-12-31,BDW00
160,Bredevoort,1994-02-01,9999-12-31,BDV00
161,Breukelen,1994-02-01,9999-12-31,BKL09
162,Breukelen Sint Pieters,1994-02-01,9999-12-31,BKL03
163,Breukelen-Nijenrode,1994-02-01,9999-12-31,BKL07
164,Brielle,1994-02-01,9999-12-31,BLE02
165,Broek in Waterland,1994-02-01,9999-12-31,BRO00
166,Broekhuizen,1994-02-01,9999-12-31,BHZ01
167,Broeksittard,1994-02-01,2005-05-18,BST02
168,Brouwershaven,1994-02-01,9999-12-31,BWH00
169,Bruinisse,1994-02-01,9999-12-31,BNS00
170,Brummen,1994-02-01,9999-12-31,BMN01
171,Brunssum,1994-02-01,9999-12-31,BSM02
172,Budel,1994-02-01,9999-12-31,BDL02
173,Buggenum,1994-02-01,9999-12-31,BGN04
174,Buitenpost,1994-02-01,9999-12-31,BTP00
175,Bunde,1994-02-01,9999-12-31,BDE00
176,Bunnik,1994-02-01,9999-12-31,BNK02
177,Bunschoten,1994-02-01,9999-12-31,BST01
178,Buren,1994-02-01,9999-12-31,BRN00
179,Burgwerd,1994-02-01,9999-12-31,BWD02
180,Burum,1994-02-01,9999-12-31,BRM02
181,Bussum,1994-02-01,9999-12-31,BSM01
182,Buurmalsen,1994-02-01,9999-12-31,BMS00
183,Cadier en Keer,1994-02-01,9999-12-31,CDR00
184,Cadzand,1994-02-01,1998-11-30,CZD00
185,Callantsoog,1994-02-01,9999-12-31,CLO00
186,Capelle,1994-02-01,9999-12-31,CPL02
187,Capelle aan den IJssel,1994-02-01,9999-12-31,CPL01
188,Castricum,1994-02-01,9999-12-31,CTC00
189,Catharijne,1994-02-01,9999-12-31,CTR00
190,Chaam,1994-02-01,9999-12-31,CHA00
191,Charlois,1994-02-01,9999-12-31,CLS00
192,Clinge,1994-02-01,1998-11-30,CGE00
193,Coevorden,1994-02-01,9999-12-31,CVD00
194,Cothen,1994-02-01,9999-12-31,CTN00
195,Cuijk,1994-02-01,9999-12-31,CUI00
196,Culemborg,1994-02-01,9999-12-31,CLB00
197,Dalen,1994-02-01,9999-12-31,DLN00
198,Dalfsen,1994-02-01,9999-12-31,DSN01
199,de Bilt,1994-02-01,9999-12-31,BIL01
200,de Lier,1994-02-01,9999-12-31,LIE00
201,de Rijp,1994-02-01,9999-12-31,RIJ00
202,De Wijk,1994-02-01,9999-12-31,WIJ03
203,Deil,1994-02-01,9999-12-31,DEI00
204,Deinum,1994-02-01,9999-12-31,DNM00
205,Delfshaven,1994-02-01,9999-12-31,DHV00
206,Delft,1994-02-01,9999-12-31,DEL00
207,Delfzijl,1994-02-01,9999-12-31,DZL01
208,den Bommel,1994-02-01,9999-12-31,BML03
209,den Dungen,1994-02-01,9999-12-31,DGN02
210,den Ham,1994-02-01,9999-12-31,HAM00
211,Den Helder,1994-02-01,9999-12-31,HDR00
212,Denekamp,1994-02-01,9999-12-31,DNK00
213,Deurne,1994-02-01,9999-12-31,DNE00
214,Deventer,1994-02-01,9999-12-31,DVT00
215,Didam,1994-02-01,9999-12-31,DDM00
216,Diemen,1994-02-01,9999-12-31,DMN00
217,Diepenheim,1994-02-01,9999-12-31,DPH00
218,Diepenveen,1994-02-01,9999-12-31,DPV00
219,Dieren,1994-02-01,9999-12-31,DRN00
220,Diessen,1994-02-01,9999-12-31,DSN02
221,Diever,1994-02-01,9999-12-31,DVR00
222,Dinteloord,1994-02-01,9999-12-31,DTO02
223,Dinxperlo,1994-02-01,9999-12-31,DPL00
224,Dirksland,1994-02-01,9999-12-31,DLD00
225,Dodewaard,1994-02-01,9999-12-31,DDW00
226,Doesburg,1994-02-01,9999-12-31,DBG02
227,Dokkum,1994-02-01,9999-12-31,DKM00
228,Domburg,1994-02-01,9999-12-31,DBG03
229,Dommelen,1994-02-01,1996-04-30,DML01
230,Dongen,1994-02-01,9999-12-31,DGN01
231,Donkerbroek,1994-02-01,9999-12-31,DKB00
232,Doorn,1994-02-01,9999-12-31,DOO00
233,Doornenburg,1994-02-01,9999-12-31,DNB00
234,Doornspijk,1994-02-01,9999-12-31,DSK00
235,Doorwerth,1994-02-01,9999-12-31,DWH00
236,Dordrecht,1994-02-01,9999-12-31,DDT00
237,Drachten,1994-02-01,9999-12-31,DTN02
238,Drechterland,1994-02-01,9999-12-31,DTL00
239,Dreumel,1994-02-01,9999-12-31,DML02
240,Driebergen-Rijsenburg,1994-02-01,9999-12-31,DBG01
241,Driel,1994-02-01,9999-12-31,DRI00
242,Drogeham,1994-02-01,9999-12-31,DGH00
243,Dronrijp,1994-02-01,9999-12-31,DRP00
244,Dronten,1994-02-01,9999-12-31,DTN01
245,Drunen,1994-02-01,9999-12-31,DNN00
246,Druten,1994-02-01,9999-12-31,DTN03
247,Dubbeldam,1994-02-01,9999-12-31,DBD00
248,Duiveland,1994-02-01,9999-12-31,DVL00
249,Duiven,1994-02-01,9999-12-31,DVN00
250,Duizel,1994-02-01,1996-04-30,DZL02
251,Dussen,1994-02-01,9999-12-31,DSN03
252,Duurswoude,1994-02-01,9999-12-31,DWD00
253,Dwingeloo,1994-02-01,9999-12-31,DGL00
254,Echt,1994-02-01,9999-12-31,ECH00
255,Echteld,1994-02-01,9999-12-31,ETD00
256,Eck en Wiel,1994-02-01,9999-12-31,ECK00
257,Edam,1994-02-01,9999-12-31,EDM00
258,Ede,1994-02-01,9999-12-31,EDE01
259,Ee,1994-02-01,9999-12-31,EEX00
260,Eelde,1994-02-01,9999-12-31,EDE02
261,Eemnes,1994-02-01,9999-12-31,ENS00
262,Eenrum,1994-02-01,9999-12-31,ERM00
263,Eersel,1994-02-01,9999-12-31,ESL00
264,Egmond aan Zee,1994-02-01,9999-12-31,EMD01
265,Egmond-Binnen,1994-02-01,9999-12-31,EMD02
266,Eibergen,1994-02-01,9999-12-31,EBG02
267,Eijsden,1994-02-01,9999-12-31,EDN00
268,Eindhoven,1994-02-01,9999-12-31,EHV00
269,Elburg,1994-02-01,9999-12-31,EBG01
270,Elsloo,1994-02-01,9999-12-31,ELO00
271,Elst,1994-02-01,9999-12-31,ELS00
272,Emmen,1994-02-01,9999-12-31,EMN00
273,Empel,1994-02-01,1996-04-30,EPL00
274,Enkhuizen,1994-02-01,9999-12-31,EHZ00
275,Enschede,1994-02-01,9999-12-31,ESD00
276,Epe en Oene,1994-02-01,9999-12-31,EPE00
277,Ermelo,1994-02-01,9999-12-31,EML00
278,Erp,1994-02-01,9999-12-31,ERP00
279,Esch,1994-02-01,9999-12-31,ESC00
280,Est en Opijnen,1994-02-01,9999-12-31,EST00
281,Etten,1994-02-01,1998-11-30,ETN02
282,Etten-Leur,1994-02-01,9999-12-31,ETN01
283,Everdingen,1994-02-01,9999-12-31,EVD00
284,Ewijk,1994-02-01,9999-12-31,EWK00
285,Eygelshoven,1994-02-01,1998-11-30,EGH00
286,Ezinge,1994-02-01,9999-12-31,EZG00
287,Ferwerd,1994-02-01,9999-12-31,FWD00
288,Fijnaart,1994-02-01,9999-12-31,FNT01
289,Finsterwolde,1994-02-01,9999-12-31,FSW00
290,Franeker,1994-02-01,9999-12-31,FNK00
291,Gaast,1994-02-01,9999-12-31,GAA00
292,Gameren,1994-02-01,9999-12-31,GMR00
293,Garderen,1994-02-01,9999-12-31,GDR03
294,Gassel,1994-02-01,1996-09-23,GSL02
295,Gasselte,1994-02-01,9999-12-31,GST00
296,Geertruidenberg,1994-02-01,9999-12-31,GTD01
297,Geervliet,1994-02-01,9999-12-31,GVT00
298,Geesteren,1994-02-01,9999-12-31,GTR00
299,Geffen,1994-02-01,9999-12-31,GFN00
300,Geldermalsen,1994-02-01,9999-12-31,GDM00
301,Geldrop,1994-02-01,9999-12-31,GDP00
302,Geleen,1994-02-01,9999-12-31,GLN00
303,Gemert,1994-02-01,9999-12-31,GMT00
304,Gendringen,1994-02-01,9999-12-31,GDG00
305,Gendt,1994-02-01,9999-12-31,GEN00
306,Genemuiden,1994-02-01,9999-12-31,GNM00
307,Gennep,1994-02-01,9999-12-31,GNP00
308,Gestel,1994-02-01,9999-12-31,GTL01
309,Geulle,1994-02-01,9999-12-31,GLE02
310,Giekerk,1994-02-01,9999-12-31,GKK02
311,Giessenburg,1994-02-01,9999-12-31,GSB00
312,Gieten,1994-02-01,9999-12-31,GTN00
313,Giethoorn,1994-02-01,9999-12-31,GHN00
314,Gilze en Rijen,1994-02-01,9999-12-31,GZE00
315,Ginneken,1994-02-01,9999-12-31,GNK02
316,Goedereede,1994-02-01,9999-12-31,GDR01
317,Goes,1994-02-01,9999-12-31,GOE00
318,Goirle,1994-02-01,9999-12-31,GLE01
319,Goor,1994-02-01,9999-12-31,GOO00
320,Gorinchem,1994-02-01,9999-12-31,GRC00
321,Gorredijk,1994-02-01,9999-12-31,GRD00
322,Gorssel,1994-02-01,9999-12-31,GSL01
323,Gouda,1994-02-01,9999-12-31,GDA01
324,Gouderak,1994-02-01,9999-12-31,GDR02
325,Goudriaan,1994-02-01,9999-12-31,GDA02
326,Goudswaard,1994-02-01,9999-12-31,GWD00
327,Graauw,1994-02-01,1998-11-30,GRA00
328,Grafhorst,1994-02-01,2000-01-01,GHT00
329,Graft,1994-02-01,1996-01-31,GRA02
330,Graft-de Rijp,1994-02-01,9999-12-31,GRA03
331,Gramsbergen,1994-02-01,9999-12-31,GBG00
332,Grathem,1994-02-01,9999-12-31,GTM00
333,Grave,1994-02-01,9999-12-31,GVE00
334,Grevenbicht,1994-02-01,9999-12-31,GVB00
335,Grijpskerk,1994-02-01,9999-12-31,GKK01
336,Groenlo,1994-02-01,9999-12-31,GLO00
337,Groesbeek,1994-02-01,9999-12-31,GBK00
338,Groessen en Loo,1994-02-01,9999-12-31,GSN00
339,Groningen,1994-02-01,9999-12-31,GNG00;GNG01
340,Gronsveld,1994-02-01,9999-12-31,GVD01
341,Groot-Ammers,1994-02-01,9999-12-31,AMS02
342,Grootebroek,1994-02-01,2000-01-01,GTB00
343,Grootegast,1994-02-01,9999-12-31,GTG00
344,Grouw,1994-02-01,9999-12-31,GRO00
345,Grubbenvorst,1994-02-01,9999-12-31,GBV00
346,Gulpen,1994-02-01,9999-12-31,GPN00
347,Haaften,1994-02-01,9999-12-31,HTN05
348,Haaksbergen,1994-02-01,9999-12-31,HBG01
349,Haaren,1994-02-01,9999-12-31,HRN02
350,Haarlem,1994-02-01,9999-12-31,HLM01;HLM02
351,Haarlemmerliede en Spaarnwoude,1994-02-01,9999-12-31,HLM04
352,Haarlemmermeer,1994-02-01,9999-12-31,HLM03
353,Haastrecht,1994-02-01,9999-12-31,HTT01
354,Haelen,1994-02-01,9999-12-31,HLN02
355,Hagestein,1994-02-01,9999-12-31,HGS00
356,Hall,1994-02-01,9999-12-31,HAL00
357,Hallum,1994-02-01,9999-12-31,HLM05
358,Halsteren,1994-02-01,9999-12-31,HSR00
359,Haps,1994-02-01,1996-09-23,HAP00
360,Hardegarijp,1994-02-01,9999-12-31,HDG00
361,Harderwijk,1994-02-01,9999-12-31,HDW00
362,Hardinxveld-Giessendam,1994-02-01,9999-12-31,HDV00
363,Haren,1994-02-01,9999-12-31,HRN01
364,Harenkarspel,1994-02-01,9999-12-31,HRK00
365,Harkstede,1994-02-01,1998-11-30,HSD02
366,Harlingen,1994-02-01,9999-12-31,HLG02
367,Harmelen,1994-02-01,9999-12-31,HML01
368,Hasselt,1994-02-01,9999-12-31,HST00
369,Hatert,1994-02-01,9999-12-31,HTT02
370,Hattem,1994-02-01,9999-12-31,HTM00
371,Havelte,1994-02-01,9999-12-31,HVT03
372,Hazerswoude,1994-02-01,9999-12-31,HZW00
373,Hedel,1994-02-01,9999-12-31,HDL01
374,Heeg,1994-02-01,9999-12-31,HEE04
375,Heel en Panheel,1994-02-01,9999-12-31,HEE01
376,Heemskerk,1994-02-01,9999-12-31,HKK01
377,Heemstede,1994-02-01,9999-12-31,HSD01
378,Heenvliet,1994-02-01,9999-12-31,HVT04
379,Heer,1994-02-01,9999-12-31,HEE03
380,Heerde,1994-02-01,9999-12-31,HDE00
381,Heerenveen,1994-02-01,9999-12-31,HRV01
382,Heerewaarden,1994-02-01,9999-12-31,HRW00
383,Heerhugowaard,1994-02-01,9999-12-31,HHG00
384,Heerjansdam,1994-02-01,9999-12-31,HJD00
385,Heerlen,1994-02-01,9999-12-31,HLN01
386,Heesch,1994-02-01,9999-12-31,HEE02
387,Heeswijk-Dinther,1994-02-01,9999-12-31,HWK02
388,Heeze,1994-02-01,9999-12-31,HZE00
389,Hei- en Boeicop,1994-02-01,9999-12-31,HEI00
390,Heiloo,1994-02-01,9999-12-31,HLO00
391,Heinenoord,1994-02-01,9999-12-31,HNO02
392,Heino,1994-02-01,9999-12-31,HNO01
393,Hekendorp,1994-02-01,9999-12-31,HKD00
394,Helden,1994-02-01,9999-12-31,HDN01
395,Hellendoorn,1994-02-01,9999-12-31,HLD01
396,Hellevoetsluis,1994-02-01,9999-12-31,HLV01
397,Helmond,1994-02-01,9999-12-31,HMD00
398,Helpman,1994-02-01,9999-12-31,HMN02
399,Helvoirt,1994-02-01,9999-12-31,HVT02
400,Hendrik-Ido-Ambacht,1994-02-01,9999-12-31,HDK03
401,Hengelo Gelderland,1994-02-01,9999-12-31,HGL02
402,Hengelo Overijssel,1994-02-01,9999-12-31,HGL01
403,Herkingen,1994-02-01,9999-12-31,HKG00
404,Hernen,1994-02-01,1998-11-30,HNN00
405,Herten,1994-02-01,9999-12-31,HTN02
406,Herwen,1994-02-01,9999-12-31,HWN01
407,Herwijnen,1994-02-01,9999-12-31,HWN02
408,Heteren,1994-02-01,9999-12-31,HTR00
409,Heukelum,1994-02-01,9999-12-31,HKL00
410,Heumen,1994-02-01,9999-12-31,HMN01
411,Heusden,1994-02-01,9999-12-31,HDN02
412,Heythuysen,1994-02-01,9999-12-31,HHS00
413,Hien,1994-02-01,9999-12-31,HIE00
414,Hijum,1994-02-01,9999-12-31,HUM00
415,Hillegersberg,1994-02-01,9999-12-31,HLG03
416,Hillegom,1994-02-01,9999-12-31,HLG01
417,Hilvarenbeek,1994-02-01,9999-12-31,HVR00
418,Hilversum,1994-02-01,9999-12-31,HVS00
419,Hindeloopen,1994-02-01,9999-12-31,HDL02
420,Hoek,1994-02-01,9999-12-31,HOE02
421,Hoek van Holland,1994-02-01,9999-12-31,HOE01
422,Hoensbroek,1994-02-01,9999-12-31,HBK00
423,Hoevelaken,1994-02-01,9999-12-31,HVL00
424,Hoeven,1994-02-01,9999-12-31,HVN00
425,Holten,1994-02-01,9999-12-31,HTN03
426,Holwerd,1994-02-01,9999-12-31,HWD00
427,Hontenisse,1994-02-01,9999-12-31,HTN01
428,Hoog Soeren,1994-02-01,9999-12-31,SRN00
429,Hoogblokland,1994-02-01,9999-12-31,HBL00
430,Hooge en Lage Mierde,1994-02-01,9999-12-31,MDE02
431,Hooge en Lage Zwaluwe,1994-02-01,9999-12-31,ZLW00
432,Hoogeloon,1994-02-01,9999-12-31,HGL04
433,Hoogeveen,1994-02-01,9999-12-31,HGV00
434,Hoogezand,1994-02-01,9999-12-31,HGZ00
435,Hoogkarspel,1994-02-01,1996-01-31,HKS00
436,Hoogkerk,1994-02-01,9999-12-31,HKK02
437,Hoogland,1994-02-01,9999-12-31,HLD02
438,Hoogvliet,1994-02-01,9999-12-31,HVT01
439,Hoorn,1994-02-01,9999-12-31,HOO00
440,Hoornaar,1994-02-01,9999-12-31,HNR00
441,Horn,1994-02-01,9999-12-31,HOR02
442,Horssen,1994-02-01,9999-12-31,HSN02
443,Horst,1994-02-01,9999-12-31,HOR01
444,Houten,1994-02-01,9999-12-31,HTN04
445,Houthem,1994-02-01,9999-12-31,HHM00
446,Huijbergen,1994-02-01,9999-12-31,HBG03
447,Huissen,1994-02-01,9999-12-31,HSN01
448,Huizen,1994-02-01,9999-12-31,HZN00
449,Huizum,1994-02-01,9999-12-31,HZM00
450,Hulsberg,1994-02-01,9999-12-31,HBG02
451,Hulst,1994-02-01,9999-12-31,HUL00
452,Hummelo,1994-02-01,9999-12-31,HML02
453,Hunsel,1994-02-01,9999-12-31,HSL00
454,IJlst,1994-02-01,9999-12-31,IJL00
455,IJmuiden,1994-02-01,9999-12-31,IMD00
456,IJsselham,1994-02-01,9999-12-31,ISH00
457,IJsselmeer,1994-02-01,2000-01-01,ISM03
458,IJsselmeer-west2000-01-01,2000-01-01,ISM04
459,IJsselmonde,1994-02-01,9999-12-31,ISM01
460,IJsselmuiden,1994-02-01,9999-12-31,ISM02
461,IJsselstein,1994-02-01,9999-12-31,ISS00
462,Ilpendam,1994-02-01,1996-01-31,IPD00
463,Ingen,1994-02-01,9999-12-31,IGN00
464,Itteren,1994-02-01,9999-12-31,ITR00
465,Ittervoort,1994-02-01,9999-12-31,ITV00
466,Jaarsveld,1994-02-01,9999-12-31,JVD00
467,Jabeek,1994-02-01,9999-12-31,JBK00
468,Jelsum,1994-02-01,9999-12-31,JSM00
469,Jisp,1994-02-01,9999-12-31,JIS00
470,Jorwerd,1994-02-01,9999-12-31,JWD00
471,Joure,1994-02-01,9999-12-31,JRE00
472,Jutphaas,1994-02-01,9999-12-31,JPS00
473,Kamerik,1994-02-01,9999-12-31,KMR00
474,Kampen,1994-02-01,9999-12-31,KPN01
475,Kantens,1994-02-01,9999-12-31,KTS00
476,Kapelle,1994-02-01,9999-12-31,KPL01
477,Kattendijke,1994-02-01,1998-11-30,KTD00
478,Katwijk,1994-02-01,9999-12-31,KWK01
479,Katwoude,1994-02-01,9999-12-31,KWD00
480,Kedichem,1994-02-01,9999-12-31,KDC00
481,Keppel,1994-02-01,9999-12-31,KPL02
482,Kerkrade,1994-02-01,9999-12-31,KRD00
483,Kerkwijk,1994-02-01,9999-12-31,KWK02
484,Kessel,1994-02-01,9999-12-31,KSL00
485,Kesteren,1994-02-01,9999-12-31,KTR00
486,Klaaswaal,1994-02-01,9999-12-31,KWL00
487,Klimmen,1994-02-01,9999-12-31,KMN02
488,Kloetinge,1994-02-01,9999-12-31,KTG00
489,Kloosterburen,1994-02-01,9999-12-31,KTB00
490,Klundert,1994-02-01,9999-12-31,KDT00
491,Knijpe,1994-02-01,9999-12-31,KPE00
492,Kockengen,1994-02-01,9999-12-31,KKG00
493,Kollum,1994-02-01,9999-12-31,KLM00
494,Koog aan de Zaan,1994-02-01,9999-12-31,KOO00
495,Kooten,1994-02-01,9999-12-31,KTN00
496,Kortenhoef,1994-02-01,9999-12-31,KTH00
497,Kortgene,1994-02-01,9999-12-31,KGN00
498,Koudekerk aan den Rijn,1994-02-01,9999-12-31,KDK02
499,Koudum,1994-02-01,9999-12-31,KDM00
500,Krabbendijke,1994-02-01,9999-12-31,KBD00
501,Kralingen,1994-02-01,9999-12-31,KLG00
502,Krimpen aan de Lek,1994-02-01,9999-12-31,KPN03
503,Krimpen aan den IJssel,1994-02-01,9999-12-31,KPN02
504,Kring van Dorth,1994-02-01,9999-12-31,KRI00
505,Krommenie,1994-02-01,9999-12-31,KMN01
506,Kruiningen,1994-02-01,9999-12-31,KNG00
507,Kuinre,1994-02-01,9999-12-31,KRE00
508,Kwadijk,1994-02-01,9999-12-31,KDK01
509,Laag Nieuwkoop,2000-01-01,2000-01-01,NKP02
510,Landgraaf,1994-02-01,9999-12-31,LGF00
511,Landsmeer,1994-02-01,9999-12-31,LMR02
512,Langbroek,1994-02-01,9999-12-31,LBK02
513,Lange Ruige Weide,1994-02-01,9999-12-31,WDE02
514,Langedijk,1994-02-01,9999-12-31,LGD00
515,Langerak,1994-02-01,9999-12-31,LGR00
516,Langezwaag,1994-02-01,9999-12-31,LGZ00
517,Langweer,1994-02-01,9999-12-31,LWR02
518,Laren Noord-Holland,1994-02-01,9999-12-31,LRN01
519,Laren Gelderland,1994-02-01,9999-12-31,LRN02
520,Laren-Verwolde,1994-02-01,9999-12-31,LRN03
521,Lauwerecht,1994-02-01,9999-12-31,LWR01
522,Leek,1994-02-01,9999-12-31,LEE01
523,Leende,1994-02-01,9999-12-31,LDE01
524,Leens,1994-02-01,9999-12-31,LEE02
525,Leerbroek,1994-02-01,9999-12-31,LBK01
526,Leerdam,1994-02-01,9999-12-31,LDM00
527,Leersum,1994-02-01,9999-12-31,LSM00
528,Leeuwarden,1994-02-01,9999-12-31,LWD00
529,Leeuwen,1994-02-01,9999-12-31,LWN00
530,Leiden,1994-02-01,9999-12-31,LDN01
531,Leiderdorp,1994-02-01,9999-12-31,LDD00
532,Leimuiden,1994-02-01,9999-12-31,LMD02
533,Lekkerkerk,1994-02-01,9999-12-31,LKK00
534,Lelystad,1994-02-01,9999-12-31,LLS00
535,Lemmer,1994-02-01,9999-12-31,LMR01
536,Lent,1994-02-01,9999-12-31,LEN00
537,Leusden,1994-02-01,9999-12-31,LDN02
538,Leuth,1994-02-01,9999-12-31,LEU00
539,Lexmond,1994-02-01,9999-12-31,LMD01
540,Lichtenvoorde,1994-02-01,9999-12-31,LTV00
541,Liempde,1994-02-01,9999-12-31,LDE02
542,Lienden,1994-02-01,9999-12-31,LDN04
543,Lierop,1994-02-01,1996-04-30,LRP00
544,Lieshout,1994-02-01,9999-12-31,LHT00
545,Lieve Vrouwe Parochie,1994-02-01,9999-12-31,VWE00
546,Limbricht,1994-02-01,9999-12-31,LBT00
547,Limmen,1994-02-01,9999-12-31,LMN00
548,Linne,1994-02-01,9999-12-31,LNE00
549,Linschoten,1994-02-01,9999-12-31,LST00
550,Lippenhuizen,1994-02-01,9999-12-31,LPH00
551,Lisse,1994-02-01,9999-12-31,LSE00
552,Lith,1994-02-01,9999-12-31,LIT00
553,Lithoijen,1994-02-01,9999-12-31,LHE00
554,Lobith en Spijk,1994-02-01,9999-12-31,LBH00
555,Lochem,1994-02-01,9999-12-31,LCM00
556,Loenen,1994-02-01,9999-12-31,LNN00
557,Loenersloot2000-01-01,2000-01-01,LNS00
558,Lonneker,1994-02-01,9999-12-31,LNK00
559,Loon op Zand,1994-02-01,9999-12-31,LOO00
560,Loosdrecht,1994-02-01,9999-12-31,LDT00
561,Loosduinen,1994-02-01,9999-12-31,LDN03
562,Lopik,1994-02-01,9999-12-31,LPK00
563,Loppersum,1994-02-01,9999-12-31,LPS00
564,Losser,1994-02-01,9999-12-31,LSR00
565,Lunteren,1994-02-01,9999-12-31,LTR00
566,Luyksgestel,1994-02-01,9999-12-31,LGT00
567,Maarheeze,1994-02-01,9999-12-31,MHZ00
568,Maarn,1994-02-01,9999-12-31,MAA00
569,Maarsseveen,1994-02-01,9999-12-31,MSV00
570,Maarssen,1994-02-01,9999-12-31,MSN02
571,Maartensdijk,1994-02-01,9999-12-31,MTD02
572,Maasbommel,1994-02-01,9999-12-31,MBM00
573,Maasbracht,1994-02-01,9999-12-31,MBT00
574,Maasbree,1994-02-01,9999-12-31,MBE00
575,Maasdam,1994-02-01,9999-12-31,MDM01
576,Maasdriel,1994-02-01,9999-12-31,MDL01
577,Maashees,1994-02-01,1996-04-30,MHS00
578,Maasland,1994-02-01,9999-12-31,MLD00
579,Maasniel,1994-02-01,9999-12-31,MNL00
580,Maassluis,1994-02-01,9999-12-31,MSS00
581,Maastricht,1994-02-01,9999-12-31,MTT00
582,Made en Drimmelen,1994-02-01,9999-12-31,MDE01
583,Makkinga,1994-02-01,9999-12-31,MKG00
584,Makkum,1994-02-01,9999-12-31,MKM00
585,Margraten,1994-02-01,9999-12-31,MGT02
586,Mariekerke,1994-02-01,9999-12-31,MRK02
587,Markelo,1994-02-01,9999-12-31,MKL00
588,Marken,1994-02-01,9999-12-31,MKN00
589,Markermeer,1994-02-01,1996-01-31,MKM01
590,Marrum,1994-02-01,9999-12-31,MRM02
591,Marum,1994-02-01,9999-12-31,MRM01
592,Maurik,1994-02-01,9999-12-31,MRK01
593,Medemblik,1994-02-01,9999-12-31,MDB02
594,Meeden,1994-02-01,9999-12-31,MDN02
595,Meerkerk,1994-02-01,9999-12-31,MKK00
596,Meerlo,1994-02-01,9999-12-31,MLO02
597,Meerssen,1994-02-01,9999-12-31,MSN01
598,Megen,1994-02-01,9999-12-31,MGN02
599,Meijel,1994-02-01,9999-12-31,MEL00
600,Melick en Herkenbosch,1994-02-01,9999-12-31,MLK00
601,Melissant,1994-02-01,9999-12-31,MLS00
602,Meppel,1994-02-01,9999-12-31,MPL00
603,Merkelbeek,1994-02-01,9999-12-31,MKB00
604,Mesch,1994-02-01,9999-12-31,MES00
605,Mheer,1994-02-01,9999-12-31,MHE00
606,Middelburg,1994-02-01,9999-12-31,MDB01
607,Middelharnis,1994-02-01,9999-12-31,MDH00
608,Middelie,1994-02-01,9999-12-31,MDL02
609,Middelstum,1994-02-01,9999-12-31,MDS02
610,Middenschouwen,1994-02-01,9999-12-31,MDS01
611,Midwolda,1994-02-01,9999-12-31,MWD01
612,Midwoud,1994-02-01,1996-10-31,MWD02
613,Mierlo,1994-02-01,9999-12-31,MLO01
614,Mijdrecht,1994-02-01,9999-12-31,MDT01
615,Mijnsheerenland,1994-02-01,9999-12-31,MHR00
616,Mildam,1994-02-01,9999-12-31,MDM02
617,Mill,1994-02-01,9999-12-31,MIL00
618,Millingen,1994-02-01,9999-12-31,MLG00
619,Minnertsga,1994-02-01,9999-12-31,MGN01
620,Moergestel,1994-02-01,9999-12-31,MGT01
621,Moerkapelle,1994-02-01,9999-12-31,MKP00
622,Molenaarsgraaf,1994-02-01,9999-12-31,MLN00
623,Monnickendam,1994-02-01,9999-12-31,MNK00
624,Monster,1994-02-01,9999-12-31,MSR00
625,Montfoort,1994-02-01,9999-12-31,MFT01
626,Montfort,1994-02-01,9999-12-31,MFT02
627,Mook en Middelaar,1994-02-01,9999-12-31,MOO00
628,Moordrecht,1994-02-01,9999-12-31,MDT02
629,Muiden,1994-02-01,9999-12-31,MDN01
630,Munstergeleen,1994-02-01,9999-12-31,MSG00
631,Muntendam,1994-02-01,9999-12-31,MTD01
632,Naaldwijk,1994-02-01,9999-12-31,NWK01
633,Naarden,1994-02-01,9999-12-31,NDN00
634,Nederasselt,1994-02-01,9999-12-31,NDA00
635,Nederhemert,1994-02-01,9999-12-31,NDH02
636,Nederhorst den Berg,1994-02-01,9999-12-31,NDH01
637,Nederweert,1994-02-01,9999-12-31,NDW00
638,Neede,1994-02-01,9999-12-31,NDE00
639,Neer,1994-02-01,9999-12-31,NEE00
640,Neerbosch,1994-02-01,9999-12-31,NBH00
641,Neeritter,1994-02-01,9999-12-31,NIT00
642,Nes,1994-02-01,9999-12-31,NES02
643,Netwerken Alkmaar,1994-02-01,2015-04-02,NWK24
644,Netwerken Amsterdam,1994-02-01,2015-04-02,NWK14
645,Netwerken Arnhem,1994-02-01,2015-04-02,NWK25
646,Netwerken Assen,1994-02-01,2015-04-02,NWK21
647,Netwerken Breda,1994-02-01,2015-04-02,NWK13
648,Netwerken Eindhoven,1994-02-01,2015-04-02,NWK19
649,Netwerken Groningen,1994-02-01,2015-04-02,NWK22
650,Netwerken Leeuwarden,1994-02-01,2015-04-02,NWK20
651,Netwerken Lelystad,1994-02-01,2015-04-02,NWK26
652,Netwerken Middelburg,1994-02-01,2015-04-02,NWK12
653,Netwerken Roermond,1994-02-01,2015-04-02,NWK18
654,Netwerken Rotterdam,1994-02-01,2015-04-02,NWK15
655,Netwerken,1994-02-01,9999-12-31,NWK17
656,Netwerken Zoetermeer,1994-02-01,2015-04-02,NWK16
657,Netwerken Zwolle,1994-02-01,2015-04-02,NWK23
658,Nibbixwoud,1994-02-01,1996-01-31,NBW00
659,Niedorp,1994-02-01,9999-12-31,NDP02
660,Nieuw-Beijerland,1994-02-01,9999-12-31,BEL03
661,Nieuwe Pekela,1994-02-01,9999-12-31,PKL01
662,Nieuwe Tonge,1994-02-01,9999-12-31,TGE00
663,Nieuwendam,1994-02-01,9999-12-31,NWD01
664,Nieuwenhagen,1994-02-01,9999-12-31,NWH01
665,Nieuwenhoorn,1994-02-01,9999-12-31,NWH02
666,Nieuwerkerk aan den Ijssel,1994-02-01,9999-12-31,NWK03
667,Nieuweschans,1994-02-01,9999-12-31,NWS00
668,Nieuw-Ginneken,1994-02-01,9999-12-31,GNK01
669,Nieuw-Helvoet,1994-02-01,9999-12-31,HLV02
670,Nieuwkoop,1994-02-01,9999-12-31,NKP01
671,Nieuwland Friesland,1994-02-01,9999-12-31,NLD01
672,Nieuwland Zuid-Holland,1994-02-01,9999-12-31,NLD02
673,Nieuw-Lekkerland,1994-02-01,9999-12-31,LKL00
674,Nieuwleusen,1994-02-01,9999-12-31,NLS00
675,Nieuwolda,1994-02-01,9999-12-31,NWD03
676,Nieuwpoort,1994-02-01,9999-12-31,NPT00
677,Nieuwstadt,1994-02-01,9999-12-31,NST02
678,Nieuwveen,1994-02-01,9999-12-31,NVN00
679,Nieuw-Vossemeer,1994-02-01,9999-12-31,VSM02
680,Niftrik,1994-02-01,9999-12-31,NTK00
681,Nigtevecht,1994-02-01,9999-12-31,NTV00
682,Nijbroek,1994-02-01,9999-12-31,NBK02
683,Nijehaske,1994-02-01,9999-12-31,NEK00
684,Nijeveen,1994-02-01,9999-12-31,NEV00
685,Nijkerk Gelderland,1994-02-01,9999-12-31,NKK01
686,Nijkerk Friesland,1994-02-01,9999-12-31,NKK02
687,Nijmegen,1994-02-01,9999-12-31,NMG00
688,Nistelrode,1994-02-01,9999-12-31,NTR00
689,Noorbeek,1994-02-01,9999-12-31,NBK03
690,Noordbroek,1994-02-01,9999-12-31,NBK01
691,Noorddijk,1994-02-01,9999-12-31,NDK00
692,Noordeloos,1994-02-01,9999-12-31,NDL00
693,Noorder-Koggenland,1994-02-01,9999-12-31,KGL01
694,Noordoostpolder,1994-02-01,9999-12-31,NOP00
695,Noordwijk,1994-02-01,9999-12-31,NWK02
696,Noordwijkerhout,1994-02-01,9999-12-31,NWK04
697,Noordwolde,1994-02-01,9999-12-31,NWD02
698,Noordzee IV,1994-02-01,9999-12-31,NZE04
699,Noordzee III,1994-02-01,9999-12-31,NZE03
700,Noordzee I,1994-02-01,9999-12-31,NZE01
701,Noordzee II,1994-02-01,9999-12-31,NZE02
702,Noordzee V,1994-02-01,9999-12-31,NZE05
703,Noordzee VI,1994-02-01,9999-12-31,NZE06
704,Noordzee VII,1994-02-01,9999-12-31,NZE07
705,Nootdorp,1994-02-01,9999-12-31,NDP01
706,Norg,1994-02-01,9999-12-31,NOR00
707,Nuenen,1994-02-01,9999-12-31,NNN00
708,Nuland,1994-02-01,9999-12-31,NLD03
709,Numansdorp,1994-02-01,9999-12-31,NMD00
710,Nunhem,1994-02-01,9999-12-31,NHM00
711,Nunspeet,1994-02-01,9999-12-31,NST01
712,Nuth,1994-02-01,9999-12-31,NUT00
713,Obbicht en Papenhoven,1994-02-01,9999-12-31,OBT00
714,Obdam,1994-02-01,9999-12-31,ODM01
715,Ochten,1994-02-01,9999-12-31,OTN00
716,Odijk,1994-02-01,9999-12-31,ODK02
717,Odoorn,1994-02-01,9999-12-31,ODN00
718,Oeffelt,1994-02-01,1996-09-23,OFT00
719,Oegstgeest,1994-02-01,9999-12-31,OGT00
720,Oerle,1994-02-01,1996-04-30,OLE00
721,Ohe en Laak,1994-02-01,9999-12-31,OHE00
722,Oijen,1994-02-01,9999-12-31,OEN00
723,Oirsbeek,1994-02-01,9999-12-31,OBK00
724,Oirschot,1994-02-01,9999-12-31,OST00
725,Oisterwijk,1994-02-01,9999-12-31,OTW01
726,Oldeberkoop,1994-02-01,9999-12-31,ODB03
727,Oldeboorn,1994-02-01,9999-12-31,ODB04
728,Oldebroek,1994-02-01,9999-12-31,ODB01
729,Oldehove,1994-02-01,9999-12-31,ODH02
730,Oldekerk,1994-02-01,9999-12-31,ODK01
731,Oldemarkt,1994-02-01,9999-12-31,ODM02
732,Oldenzaal,1994-02-01,9999-12-31,ODZ00
733,Olst,1994-02-01,9999-12-31,OLS00
734,Ommeren,1994-02-01,9999-12-31,OMR02
735,Onstwedde,1994-02-01,9999-12-31,OWD00
736,Ooij,1994-02-01,9999-12-31,OOI00
737,Ooltgensplaat,1994-02-01,9999-12-31,OGP00
738,Oost-, West- en Middelbeers,1994-02-01,9999-12-31,MDB03
739,Oostburg,1994-02-01,9999-12-31,OBG00
740,Oosterbeek,1994-02-01,9999-12-31,OTB00
741,Oosterend,1994-02-01,9999-12-31,OTE00
742,Oosterhesselen,1994-02-01,9999-12-31,OTH02
743,Oosterhout,1994-02-01,9999-12-31,OTH01
744,Oostermeer,1994-02-01,9999-12-31,OTM00
745,Oosterwierum,1994-02-01,9999-12-31,OTW03
746,Oosterwolde,1994-02-01,9999-12-31,OTW02
747,Oosterzee,1994-02-01,9999-12-31,OTZ00
748,Oostflakkee,1994-02-01,9999-12-31,OFK00
749,Oosthuizen,1994-02-01,9999-12-31,OHZ00
750,Oostvoorne,1994-02-01,9999-12-31,OVN00
751,Oostzaan,1994-02-01,9999-12-31,OZN00
752,Ootmarsum,1994-02-01,9999-12-31,OMS00
753,Ophemert,1994-02-01,9999-12-31,OHM00
754,Opheusden,1994-02-01,9999-12-31,OHD00
755,Oploo,1994-02-01,9999-12-31,OLO00
756,Opmeer,1994-02-01,9999-12-31,OMR01
757,Oppenhuizen,1994-02-01,9999-12-31,OPH00
758,Opperdoes,1994-02-01,1996-01-31,OPD00
759,Oss,1994-02-01,9999-12-31,OSS00
760,Ossendrecht,1994-02-01,9999-12-31,OSD00
761,Otterlo,1994-02-01,9999-12-31,OTL02
762,Ottersum,1994-02-01,9999-12-31,OTS00
763,Ottoland,1994-02-01,9999-12-31,OTL01
764,Oud en Nieuw Gastel,1994-02-01,9999-12-31,GTL02
765,Oud-Alblas,1994-02-01,9999-12-31,ABS02
766,Oud-Beijerland,1994-02-01,9999-12-31,BEL01
767,Ouddorp,1994-02-01,9999-12-31,ODP01
768,Oude Pekela,1994-02-01,9999-12-31,PKL02
769,Oudega,1994-02-01,9999-12-31,ODG00
770,Oudenbosch,1994-02-01,9999-12-31,ODB02
771,Oudenhoorn,1994-02-01,9999-12-31,ODH01
772,Oudenrijn,1994-02-01,9999-12-31,ODR02
773,Ouder-Amstel,1994-02-01,9999-12-31,ASL00
774,Ouderkerk aan den IJssel,1994-02-01,9999-12-31,ODK04
775,Oudetrijne,1994-02-01,9999-12-31,ODT00
776,Oudewater,1994-02-01,9999-12-31,ODW00
777,Oudorp,1994-02-01,9999-12-31,ODP02
778,Oudshoorn,1994-02-01,9999-12-31,OHN00
779,Oud-Valkenburg,1994-02-01,9999-12-31,VKB03
780,Oud-Vossemeer,1994-02-01,9999-12-31,VSM03
781,Oud-Vroenhoven,1994-02-01,9999-12-31,VHV03
782,Oud-Zevenaar,1994-02-01,9999-12-31,ZVN02
783,Overasselt,1994-02-01,9999-12-31,OVA00
784,Overschie,1994-02-01,9999-12-31,OVS00
785,Pannerden,1994-02-01,9999-12-31,PND00
786,Papekop,1994-02-01,9999-12-31,PPK00
787,Papendrecht,1994-02-01,9999-12-31,PPD00
788,Peize,1994-02-01,9999-12-31,PZE00
789,Pernis,1994-02-01,9999-12-31,PNS00
790,Petten,1994-02-01,9999-12-31,PTN02
791,Philippine,1994-02-01,9999-12-31,PLP00
792,Piershil,1994-02-01,9999-12-31,PHL00
793,Pijnacker,1994-02-01,9999-12-31,PAK00
794,Poederoijen,1994-02-01,2000-01-01,PDR00
795,Polsbroek,1994-02-01,9999-12-31,PBK00
796,Poortugaal,1994-02-01,9999-12-31,PTG00
797,Poortvliet,1994-02-01,9999-12-31,PVT00
798,Posterholt,1994-02-01,9999-12-31,PTH02
799,Princenhage,1994-02-01,9999-12-31,PCH00
800,Prinsenbeek,1994-02-01,9999-12-31,PSB00
801,Purmerend,1994-02-01,9999-12-31,PMR00
802,Putte,1994-02-01,9999-12-31,PTE00
803,Putten,1994-02-01,9999-12-31,PTN01
804,Puttershoek,1994-02-01,9999-12-31,PTH01
805,Raalte,1994-02-01,9999-12-31,RTE00
806,Raamsdonk,1994-02-01,9999-12-31,RDK02
807,Randwijk,1994-02-01,9999-12-31,RWK03
808,Ransdorp,1994-02-01,9999-12-31,RDP00
809,Rauwerd,1994-02-01,9999-12-31,RWD02
810,Ravenstein,1994-02-01,9999-12-31,RVS00
811,Reeuwijk,1994-02-01,9999-12-31,RWK02
812,Reimerswaal,1994-02-01,9999-12-31,RMW00
813,Renkum,1994-02-01,9999-12-31,RKM00
814,Renswoude,1994-02-01,9999-12-31,RWD01
815,Ressen,1994-02-01,9999-12-31,RSN02
816,Reusel,1994-02-01,9999-12-31,RSL00
817,Rheden,1994-02-01,9999-12-31,RDN02
818,Rhenen,1994-02-01,9999-12-31,RNN01
819,Rhoon,1994-02-01,9999-12-31,RHO00
820,Ridderkerk,1994-02-01,9999-12-31,RDK01
821,Ried,1994-02-01,9999-12-31,RIE00
822,Riethoven,1994-02-01,9999-12-31,RHV00
823,Rietveld,1994-02-01,9999-12-31,RVD00
824,Rijckholt,1994-02-01,2012-01-31,RHT00
825,Rijnsaterwoude,1994-02-01,9999-12-31,RST00
826,Rijnsburg,1994-02-01,9999-12-31,RBG02
827,Rijsbergen,1994-02-01,9999-12-31,RBG01
828,Rijssen,1994-02-01,9999-12-31,RSN01
829,Rijswijk,1994-02-01,9999-12-31,RWK01
830,Rilland,1994-02-01,9999-12-31,RLD00
831,Rockanje,1994-02-01,9999-12-31,RKJ00
832,Roden,1994-02-01,9999-12-31,RDN01
833,Roermond,1994-02-01,9999-12-31,RMD00
834,Roggel,1994-02-01,9999-12-31,RGL00
835,Rolde,1994-02-01,9999-12-31,RDE00
836,Roordahuizum,1994-02-01,9999-12-31,RDH00
837,Roosendaal en Nispen,1994-02-01,9999-12-31,RSD00
838,Roosteren,1994-02-01,9999-12-31,RTR00
839,Rosmalen,1994-02-01,9999-12-31,RML00
840,Rossum,1994-02-01,9999-12-31,RSM00
841,Rotterdam,1994-02-01,9999-12-31,RTD06;RTD07;RTD09;RTD10;RTD13;RTD04;RTD05;RTD08;RTD12;RTD14
842,Rottevalle,1994-02-01,9999-12-31,RTV00
843,Rozenburg,1994-02-01,9999-12-31,RZB00
844,Rozendaal,1994-02-01,9999-12-31,RZD00
845,Rucphen,1994-02-01,9999-12-31,RPN00
846,Ruinen,1994-02-01,9999-12-31,RNN02
847,Ruinerwold,1994-02-01,9999-12-31,RNW00
848,Ruurlo,1994-02-01,9999-12-31,RLO00
849,Ruwiel,2000-01-01,2000-01-01,RWL00
850,Sappemeer,1994-02-01,9999-12-31,SPM00
851,Sas van Gent,1994-02-01,9999-12-31,SAS00
852,Sassenheim,1994-02-01,9999-12-31,SSH00
853,Schaesberg,1994-02-01,9999-12-31,SBG01
854,Schagen,1994-02-01,9999-12-31,SGN00
855,Schaijk,1994-02-01,9999-12-31,SCH03
856,Schalkwijk,1994-02-01,1998-11-30,SWK04
857,Scharnegoutum,1994-02-01,9999-12-31,SNG00
858,Scheemda,1994-02-01,9999-12-31,SDA00
859,Schelluinen,1994-02-01,9999-12-31,SLN00
860,Schermer,1994-02-01,9999-12-31,SMR01
861,Scherpenisse,1994-02-01,9999-12-31,SPN00
862,Scherpenzeel,1994-02-01,9999-12-31,SPZ00
863,Schiebroek,1994-02-01,9999-12-31,SBK01
864,Schiedam,1994-02-01,9999-12-31,SDM01
865,Schiermonnikoog,1994-02-01,9999-12-31,SMN01
866,Schijndel,1994-02-01,9999-12-31,SDL00
867,Schimmert,1994-02-01,9999-12-31,SMT00
868,Schin op Geul,1994-02-01,9999-12-31,SCH02
869,Schinnen,1994-02-01,9999-12-31,SNN00
870,Schinveld,1994-02-01,9999-12-31,SVD00
871,Schipluiden,1994-02-01,9999-12-31,SLD02
872,Schoonebeek,1994-02-01,9999-12-31,SNB00
873,Schoonhoven,1994-02-01,9999-12-31,SHV00
874,Schoonrewoerd,1994-02-01,9999-12-31,SRW02
875,Schoorl,1994-02-01,9999-12-31,SCH01
876,Schoten,1994-02-01,9999-12-31,STN01
877,Sevenum,1994-02-01,9999-12-31,SVN01
878,Sexbierum,1994-02-01,9999-12-31,SBR00
879,'s-Graveland,1994-02-01,9999-12-31,GVL00
880,'s-Gravendeel,1994-02-01,9999-12-31,GVD02
881,'s-Gravenhage,1994-02-01,9999-12-31,GVH00;GVH01;GVH02;GVH03;GVH04;GVH05;GVH06;GVH07;GVH08;GVH09;GVH10;GVH11;GVH12;GVH13;GVH14;GVH15;GVH16;GVH17;GVH18;GVH19;GVH20;GVH21;GVH22;GVH23;GVH24;GVH25;GVH26;GVH27;GVH28;GVH29;GVH30;GVH31;GVH32;GVH33;GVH34;GVH35;GVH36;GVH37;GVH38;GVH39;GVH40;GVH41;GVH42;GVH43;GVH44;GVH45;GVH46;GVH47;GVH48;GVH49
882,'s-Gravenmoer,1994-02-01,9999-12-31,GVM00
883,'s-Gravenzande,1994-02-01,9999-12-31,GVZ00
884,'s-Heer Hendrikskinderen,1994-02-01,1998-11-30,HDK01
885,'s-Heerenberg,1994-02-01,9999-12-31,HRB00
886,'s-Hertogenbosch,1994-02-01,9999-12-31,HTG00
887,Sijbekarspel,1994-02-01,1996-01-31,SBK02
888,Simpelveld,1994-02-01,9999-12-31,SPV00
889,Sint Anna Parochie,1994-02-01,9999-12-31,ANA02
890,Sint Annaland,1994-02-01,9999-12-31,ANL00
891,Sint Geertruid,1994-02-01,9999-12-31,GTD02
892,Sint Jacobi Parochie,1994-02-01,9999-12-31,JCB00
893,Sint Jansteen,1994-02-01,2012-01-31,JSN00
894,Sint Johannesga,1994-02-01,9999-12-31,JHN00
895,Sint Kruis,1994-02-01,1998-11-30,KRU00
896,Sint Maarten,1994-02-01,9999-12-31,MTN00
897,Sint Maartensdijk,1994-02-01,9999-12-31,MTD03
898,Sint Michielsgestel,1994-02-01,9999-12-31,MCG00
899,Sint Odilienberg,1994-02-01,9999-12-31,ODL00
900,Sint Oedenrode,1994-02-01,9999-12-31,ODR01
901,Sint Pancras,1994-02-01,9999-12-31,PCS00
902,Sint Philipsland,1994-02-01,9999-12-31,PLL00
903,Sint Pieter,1994-02-01,9999-12-31,PTR00
904,Sittard,1994-02-01,9999-12-31,STD00
905,Sleen,1994-02-01,9999-12-31,SLE00
906,Slenaken,1994-02-01,9999-12-31,SAK00
907,Sliedrecht,1994-02-01,9999-12-31,SDT00
908,Slijk-Ewijk,1994-02-01,1998-11-30,SLI00
909,Slochteren,1994-02-01,9999-12-31,STR02
910,Sloten Friesland,1994-02-01,9999-12-31,STN03
911,Sloten Noord-Holland,1994-02-01,9999-12-31,STN02
912,Sluis,1994-02-01,9999-12-31,SLU00
913,Smilde,1994-02-01,9999-12-31,SDE01
914,Sneek,1994-02-01,9999-12-31,SNE00
915,Snelrewaard,1994-02-01,9999-12-31,SRW01
916,Soerendonk,1994-02-01,9999-12-31,SRD00
917,Soest,1994-02-01,9999-12-31,SOE00
918,Someren,1994-02-01,9999-12-31,SMR02
919,Sommelsdijk,1994-02-01,9999-12-31,SMD00
920,Son en Breugel,1994-02-01,9999-12-31,SON00
921,Spaubeek,1994-02-01,9999-12-31,SBK03
922,Spijkenisse,1994-02-01,9999-12-31,SKN00
923,Sprang,1994-02-01,9999-12-31,SPR01
924,Stad aan het Haringvliet,1994-02-01,9999-12-31,HRV02
925,Stad-Almelo,1994-02-01,9999-12-31,AML02
926,Stad-Delden,1994-02-01,9999-12-31,DDN02
927,Stad-Doetinchem,1994-02-01,9999-12-31,DTC02
928,Stad-Hardenberg,1994-02-01,9999-12-31,HDB02
929,Stad-Ommen,1994-02-01,9999-12-31,OMN02
930,Standdaarbuiten,1994-02-01,9999-12-31,SDB02
931,Staphorst,1994-02-01,9999-12-31,SHT02
932,Stavenisse,1994-02-01,9999-12-31,SVN02
933,Staveren,1994-02-01,9999-12-31,SVR00
934,Stede Broec,1994-02-01,9999-12-31,SDE02
935,Stedum,1994-02-01,9999-12-31,SDM02
936,Steenbergen,1994-02-01,9999-12-31,SBG02
937,Steenderen,1994-02-01,9999-12-31,SDR00
938,Steenwijk,1994-02-01,9999-12-31,SWK01
939,Steenwijkerwold,1994-02-01,9999-12-31,SWK05
940,Stein,1994-02-01,9999-12-31,STE00
941,Stellendam,1994-02-01,9999-12-31,SLD01
942,Stevensweert,1994-02-01,9999-12-31,SVW00
943,Stiphout,1994-02-01,9999-12-31,SHT01
944,Stolwijk,1994-02-01,9999-12-31,SWK02
945,Stompwijk,1994-02-01,9999-12-31,SWK03
946,Stoutenburg,1994-02-01,9999-12-31,STB00
947,Stramproy,1994-02-01,9999-12-31,SRY00
948,Stratum,1994-02-01,9999-12-31,STM00
949,Streefkerk,1994-02-01,9999-12-31,SKK00
950,Strijen,1994-02-01,9999-12-31,SEN00
951,Strijp,1994-02-01,9999-12-31,STR03
952,Surhuizum,1994-02-01,9999-12-31,SHZ00
953,Susteren,1994-02-01,9999-12-31,STR01
954,Swalmen,1994-02-01,9999-12-31,SMN02
955,'t Zandt,1994-02-01,9999-12-31,ZAN00
956,Tegelen,1994-02-01,9999-12-31,TGL00
957,ten Boer,1994-02-01,9999-12-31,BOE00
958,Ter Aar,1994-02-01,9999-12-31,AAR00
959,Terheijden,1994-02-01,9999-12-31,THD00
960,Terhorne,1994-02-01,9999-12-31,THN00
961,Termunten,1994-02-01,9999-12-31,TMT00
962,Ternaard,1994-02-01,9999-12-31,TND00
963,Terneuzen,1994-02-01,9999-12-31,TNZ00
964,Terschelling,1994-02-01,9999-12-31,TSL00
965,Teteringen,1994-02-01,9999-12-31,TTR00
966,Texel,1994-02-01,9999-12-31,TEL00
967,Tholen,1994-02-01,9999-12-31,TLN00
968,Thorn,1994-02-01,9999-12-31,THO00
969,Tiel,1994-02-01,9999-12-31,TIE00
970,Tienhoven,1994-02-01,9999-12-31,THV00
971,Tilburg,1994-02-01,9999-12-31,TBG01
972,Tjalleberd,1994-02-01,9999-12-31,TLB00
973,Tjerkwerd,1994-02-01,9999-12-31,TWD00
974,Tjum,1994-02-01,9999-12-31,TJU00
975,Tolsteeg,1994-02-01,9999-12-31,TSG00
976,Tongelre,1994-02-01,9999-12-31,TGR00
977,Tubbergen,1994-02-01,9999-12-31,TBG02
978,Tull en 't Waal,1994-02-01,1998-11-30,TUL00
979,Twello,1994-02-01,9999-12-31,TLO00
980,Twisk,1994-02-01,1996-01-31,TWI00
981,Tzummarum,1994-02-01,9999-12-31,TMU00
982,Ubach over Worms,1994-02-01,9999-12-31,UBH00
983,Ubbergen,1994-02-01,9999-12-31,UBG00
984,Uden,1994-02-01,9999-12-31,UDN00
985,Udenhout,1994-02-01,9999-12-31,UDH00
986,Uitgeest,1994-02-01,9999-12-31,UGT00
987,Uithoorn,1994-02-01,9999-12-31,UHN00
988,Uithuizen,1994-02-01,9999-12-31,UHZ01
989,Uithuizermeeden,1994-02-01,9999-12-31,UHZ02
990,Ulestraten,1994-02-01,9999-12-31,ULS00
991,Ulrum,1994-02-01,9999-12-31,URM00
992,Ureterp,1994-02-01,9999-12-31,URT00
993,Urk,1994-02-01,9999-12-31,URK00
994,Urmond,1994-02-01,9999-12-31,UMD00
995,Usquert,1994-02-01,9999-12-31,UQT00
996,Utrecht,1994-02-01,9999-12-31,UTT00
997,Vaals,1994-02-01,9999-12-31,VAA00
998,Vaassen,1994-02-01,9999-12-31,VSN02
999,Valburg,1994-02-01,9999-12-31,VBG02
1000,Valkenburg Limburg,1994-02-01,9999-12-31,VKB01
1001,Valkenburg Zuid-Holland,1994-02-01,9999-12-31,VKB02
1002,Valkenisse,1994-02-01,9999-12-31,VKN00
1003,Valkenswaard,1994-02-01,9999-12-31,VKW00
1004,Varik,1994-02-01,9999-12-31,VRK00
1005,Varsseveld,1994-02-01,9999-12-31,VSV00
1006,Veendam,1994-02-01,9999-12-31,VDM00
1007,Veenendaal,1994-02-01,9999-12-31,VND00
1008,Veenwouden,1994-02-01,9999-12-31,VWD01
1009,Veere,1994-02-01,9999-12-31,VRE00
1010,Veessen,1994-02-01,9999-12-31,VSN03
1011,Veghel,1994-02-01,9999-12-31,VHL00
1012,Veldhoven,1994-02-01,9999-12-31,VHV01
1013,Veldhuizen,1994-02-01,9999-12-31,VHZ01
1014,Velp Gelderland,1994-02-01,9999-12-31,VEL01
1015,Velp Noord-Brabant,1994-02-01,2009-01-01,VEL02
1016,Velsen,1994-02-01,9999-12-31,VSN01
1017,Venhuizen,1994-02-01,9999-12-31,VHZ03
1018,Venlo,1994-02-01,9999-12-31,VLO00
1019,Venray,1994-02-01,9999-12-31,VRY00
1020,Vessem,1994-02-01,9999-12-31,VSM01
1021,Veur,1994-02-01,9999-12-31,VEU00
1022,Vianen,1994-02-01,9999-12-31,VAN00
1023,Vierlingsbeek,1994-02-01,9999-12-31,VLB00
1024,Vierpolders,1994-02-01,9999-12-31,VPD00
1025,Vinkeveen,1994-02-01,9999-12-31,VKV00
1026,Vlaardingen,1994-02-01,9999-12-31,VDG00
1027,Vlagtwedde,1994-02-01,9999-12-31,VWD02
1028,Vledder,1994-02-01,9999-12-31,VDR00
1029,Vleuten,1994-02-01,9999-12-31,VTN00
1030,Vlieland,1994-02-01,9999-12-31,VLD01
1031,Vlierden,1994-02-01,1996-04-30,VDN01
1032,Vlijmen,1994-02-01,9999-12-31,VMN00
1033,Vlissingen,1994-02-01,9999-12-31,VSG00
1034,Vlist,1994-02-01,9999-12-31,VLI00
1035,Vlodrop,1994-02-01,9999-12-31,VDP00
1036,Voerendaal,1994-02-01,9999-12-31,VRD00
1037,Vollenhove,1994-02-01,9999-12-31,VLH00
1038,Voorburg,1994-02-01,9999-12-31,VBG01
1039,Voorhout,1994-02-01,9999-12-31,VHT00
1040,Voorschoten,1994-02-01,9999-12-31,VST00
1041,Voorst,1994-02-01,9999-12-31,VOO00
1042,Voorthuizen,1994-02-01,9999-12-31,VHZ02
1043,Vorden,1994-02-01,9999-12-31,VDN02
1044,Vreeland,1994-02-01,9999-12-31,VLD02
1045,Vreeswijk,1994-02-01,9999-12-31,VWK00
1046,Vries,1994-02-01,9999-12-31,VRI00
1047,Vriezenveen,1994-02-01,9999-12-31,VZV00
1048,Vrijhoeve-Capelle,1994-02-01,1998-11-30,VHV02
1049,Vught,1994-02-01,9999-12-31,VUG00
1050,Vuren,1994-02-01,9999-12-31,VRN00
1051,Waalre,1994-02-01,9999-12-31,WRE02
1052,Waalwijk,1994-02-01,9999-12-31,WWK00
1053,Waarde,1994-02-01,9999-12-31,WDE01
1054,Waarder,1994-02-01,1994-02-01,(was dubbel met 1056)
1055,Waardenburg,1994-02-01,9999-12-31,WDB01
1056,Waarder,1994-02-01,9999-12-31,WDR02
1057,Waddenzee III,1994-02-01,2000-01-01,WDZ03
1058,Waddenzee I,1994-02-01,2000-01-01,WDZ01
1059,Waddenzee II,1994-02-01,2000-10-01,WDZ02
1060,Waddinxveen,1994-02-01,9999-12-31,WDV01
1061,Wadenoijen,1994-02-01,9999-12-31,WDN03
1062,Wageningen,1994-02-01,9999-12-31,WGN00
1063,Wamel,1994-02-01,9999-12-31,WML00
1064,Wanneperveen,1994-02-01,9999-12-31,WNP00
1065,Wanroij,1994-02-01,9999-12-31,WRJ00
1066,Wanssum,1994-02-01,9999-12-31,WSM02
1067,Warder,1994-02-01,9999-12-31,WDR01
1068,Warffum,1994-02-01,9999-12-31,WFM00
1069,Warmenhuizen,1994-02-01,9999-12-31,WMH00
1070,Warmond,1994-02-01,9999-12-31,WMD01
1071,Warnsveld,1994-02-01,9999-12-31,WVD00
1072,Warrega,1994-02-01,9999-12-31,WRG04
1073,Waspik,1994-02-01,9999-12-31,WPK01
1074,Wassenaar,1994-02-01,9999-12-31,WSN01
1075,Watergraafsmeer,1994-02-01,9999-12-31,WTG02
1076,Wateringen,1994-02-01,9999-12-31,WTR00
1077,Waterland,1994-02-01,9999-12-31,WTL00
1078,Waverveen,1994-02-01,9999-12-31,WVV00
1079,Wedde,1994-02-01,9999-12-31,WDE03
1080,Weerselo,1994-02-01,9999-12-31,WSL02
1081,Weert,1994-02-01,9999-12-31,WEE01
1082,Weesp,1994-02-01,9999-12-31,WEE02
1083,Weesperkarspel,1994-02-01,9999-12-31,WPK02
1084,Wehl,1994-02-01,9999-12-31,WEH00
1085,Wemeldinge,1994-02-01,9999-12-31,WMD02
1086,Werkendam,1994-02-01,9999-12-31,WKD00
1087,Werkhoven,1994-02-01,9999-12-31,WHV00
1088,Wervershoof,1994-02-01,9999-12-31,WVH00
1089,Wessem,1994-02-01,9999-12-31,WSM01
1090,Westbroek,1994-02-01,1996-01-31,WBK00
1091,Westdorpe,1994-02-01,9999-12-31,WDP00
1092,Westerbork,1994-02-01,9999-12-31,WTB00
1093,Westergeest,1994-02-01,9999-12-31,WTG01
1094,Westerhoven,1994-02-01,9999-12-31,WTH00
1095,Wester-Koggenland,1994-02-01,9999-12-31,KGL02
1096,Westerschouwen,1994-02-01,9999-12-31,WTS00
1097,Westervoort,1994-02-01,9999-12-31,WTV00
1098,Westkapelle,1994-02-01,9999-12-31,WKP00
1099,Westmaas,1994-02-01,9999-12-31,WMS01
1100,Westvoorne,1994-02-01,9999-12-31,WVN00
1101,Westzaan,1994-02-01,9999-12-31,WZN00
1102,Weurt,1994-02-01,9999-12-31,WEU00
1103,Wierden,1994-02-01,9999-12-31,WDN02
1104,Wieringen,1994-02-01,9999-12-31,WRG01
1105,Wieringermeer,1994-02-01,9999-12-31,WRG03
1106,Wieringerwaard,1994-02-01,9999-12-31,WRG02
1107,Wijchen,1994-02-01,9999-12-31,WCN00
1108,Wijdewormer,1994-02-01,9999-12-31,WDW00
1109,Wijhe,1994-02-01,9999-12-31,WHE00
1110,Wijk aan Zee en Duin,1994-02-01,9999-12-31,WIJ02
1111,Wijk bij Duurstede,1994-02-01,9999-12-31,WIJ01
1112,Wijlre,1994-02-01,9999-12-31,WRE01
1113,Wijnandsrade,1994-02-01,9999-12-31,WNR00
1114,Wijngaarden,1994-02-01,9999-12-31,WGD00
1115,Wildervank,1994-02-01,9999-12-31,WDV02; WDV03
1116,Willemstad,1994-02-01,9999-12-31,WLS00
1117,Willeskop,1994-02-01,9999-12-31,WLK00
1118,Willige-Langerak,1994-02-01,9999-12-31,WLG00
1119,Wilnis,1994-02-01,9999-12-31,WNS00
1120,Wilp,1994-02-01,9999-12-31,WIL00
1121,Wilsum,1994-02-01,2000-01-01,WSM03
1122,Winschoten,1994-02-01,9999-12-31,WST00
1123,Winssen,1994-02-01,9999-12-31,WSN02
1124,Winsum,1994-02-01,9999-12-31,WSM04
1125,Winterswijk,1994-02-01,9999-12-31,WTW00
1126,Wirdum,1994-02-01,9999-12-31,WDM00
1127,Wisch,1994-02-01,9999-12-31,WIS00
1128,Wissenkerke,1994-02-01,9999-12-31,WSK00
1129,Witmarsum,1994-02-01,9999-12-31,WMS03
1130,Wittem,1994-02-01,9999-12-31,WTM00
1131,Woensdrecht,1994-02-01,9999-12-31,WDT00
1132,Woensel,1994-02-01,9999-12-31,WSL01
1133,Woerden,1994-02-01,9999-12-31,WDN01
1134,Wognum,1994-02-01,9999-12-31,WNM00
1135,Wolphaartsdijk,1994-02-01,1998-11-30,WPD00
1136,Wolvega,1994-02-01,9999-12-31,WVG00
1137,Wommels,1994-02-01,9999-12-31,WMS02
1138,Workum,1994-02-01,9999-12-31,WKM00
1139,Wormer,1994-02-01,9999-12-31,WMR00
1140,Wormerveer,1994-02-01,9999-12-31,WMV00
1141,Woubrugge,1994-02-01,9999-12-31,WBG00
1142,Woudenberg,1994-02-01,9999-12-31,WDB02
1143,Woudrichem,1994-02-01,9999-12-31,WDC00
1144,Woudsend,1994-02-01,9999-12-31,WED00
1145,Wouw,1994-02-01,9999-12-31,WOU00
1146,Yerseke,1994-02-01,9999-12-31,YSK00
1147,Zaamslag,1994-02-01,9999-12-31,ZSG00
1148,Zaandam,1994-02-01,9999-12-31,ZDM01
1149,Zaandijk,1994-02-01,9999-12-31,ZDK00
1150,Zalk,1994-02-01,2000-01-01,ZAL00
1151,Zaltbommel,1994-02-01,9999-12-31,ZBM00
1152,Zandvoort,1994-02-01,9999-12-31,ZVT00
1153,Zeddam,1994-02-01,9999-12-31,ZDM02
1154,Zederik1996-02-13,9999-12-31,ZDR00
1155,Zeeland,1994-02-01,9999-12-31,ZLD02
1156,Zeewolde,1994-02-01,9999-12-31,ZWD03
1157,Zegveld,1994-02-01,9999-12-31,ZVD00
1158,Zegwaard,1994-02-01,9999-12-31,ZWD01
1159,Zeist,1994-02-01,9999-12-31,ZEI00
1160,Zelhem,1994-02-01,9999-12-31,ZHM00
1161,Zesgehuchten,1994-02-01,1996-04-30,ZGH00
1162,Zetten,1994-02-01,9999-12-31,ZTN00
1163,Zevenaar,1994-02-01,9999-12-31,ZVN01
1164,Zevenbergen,1994-02-01,9999-12-31,ZVB00
1165,Zevenhoven,1994-02-01,9999-12-31,ZVH01
1166,Zevenhuizen,1994-02-01,9999-12-31,ZVH02
1167,Zierikzee,1994-02-01,9999-12-31,ZRZ00
1168,Zijpe,1994-02-01,9999-12-31,ZPE00
1169,Zoelen,1994-02-01,9999-12-31,ZLN01
1170,Zoetermeer,1994-02-01,9999-12-31,ZTM00
1171,Zoeterwoude,1994-02-01,9999-12-31,ZTW01
1172,Zouteveen,1994-02-01,9999-12-31,ZTV00
1173,Zuid-Beijerland,1994-02-01,9999-12-31,BEL02
1174,Zuidbroek,1994-02-01,9999-12-31,ZBK00
1175,Zuidhorn,1994-02-01,9999-12-31,ZHN00
1176,Zuidland,1994-02-01,9999-12-31,ZLD01
1177,Zuidlaren,1994-02-01,9999-12-31,ZLR00
1178,Zuidwolde,1994-02-01,9999-12-31,ZWD02
1179,Zuidzande,1994-02-01,1998-11-30,ZZD00
1180,Zuilen,1994-02-01,9999-12-31,ZLN02
1181,Zuilichem,1994-02-01,2000-01-01,ZLC00
1182,Zundert,1994-02-01,9999-12-31,ZDT02
1183,Zutphen,1994-02-01,9999-12-31,ZPN00
1184,Zwammerdam,1994-02-01,2000-01-01,ZMD00
1185,Zwartewaal,1994-02-01,9999-12-31,ZTW02
1186,Zwartsluis,1994-02-01,9999-12-31,ZSS00
1187,Zweeloo,1994-02-01,9999-12-31,ZLO00
1188,Zwijndrecht,1994-02-01,9999-12-31,ZDT01
1189,Zwolle,1994-02-01,9999-12-31,ZLE00
1190,Zwollerkerspel,1994-02-01,9999-12-31,ZLK00
1191,Nes Ameland,1994-02-01,9999-12-31,NES01